﻿<?xml version="1.0" encoding="utf-8"?>
<?xml-stylesheet type="text/xsl" href="c:\program files\microsoft visual studio\2022\community\team tools\static analysis tools\fxcop\Xml\CodeAnalysisReport.xsl"?>
<FxCopReport Version="17.0">
 <Localized>
  <String Key="Category">Categoria</String>
  <String Key="Certainty">Certeza</String>
  <String Key="CollapseAll">Recolher Tudo</String>
  <String Key="CheckId">Verificar ID</String>
  <String Key="Error">Erro</String>
  <String Key="Errors">erro(s)</String>
  <String Key="ExpandAll">Expandir Tudo</String>
  <String Key="Help">Ajuda</String>
  <String Key="Line">Linha</String>
  <String Key="Messages">mensagem(ns)</String>
  <String Key="LocationNotStoredInPdb">[Local não armazenado em Pdb]</String>
  <String Key="Project">Projeto</String>
  <String Key="Resolution">Resolução</String>
  <String Key="Rule">Regra</String>
  <String Key="RuleFile">Arquivo de Regra</String>
  <String Key="RuleDescription">Descrição da Regra</String>
  <String Key="Source">Origem</String>
  <String Key="Status">Status</String>
  <String Key="Target">Destino</String>
  <String Key="Warning">Aviso</String>
  <String Key="Warnings">aviso(s)</String>
  <String Key="ReportTitle">Relatório do Code Analysis</String>
 </Localized>
</FxCopReport>
